{"fmus":{"{RobotArm}":"file:///C:/Users/Andreas/Documents/GitHub/ProgMod/INTO-CPS/Sim_1/FMUs/robot.fmu","{Controller}":"file:///C:/Users/Andreas/Documents/GitHub/ProgMod/INTO-CPS/Sim_1/FMUs/RobotArm%20v.4.0.fmu"},"connections":{"{RobotArm}.env.theta":["{Controller}.ctl.sensor"],"{Controller}.ctl.motor":["{RobotArm}.env.u"]},"parameters":{"{Controller}.ctl.targetAngle":1},"liveGraphColumns":1,"liveGraphVisibleRowCount":1,"logVariables":{},"algorithm":{"type":"fixed-step","size":0.1},"parallelSimulation":false,"stabalizationEnabled":false,"global_absolute_tolerance":0,"global_relative_tolerance":0.01,"simulationProgramDelay":false,"convergenceAttempts":5,"livestream":{"{RobotArm}.env":["theta"],"{Controller}.ctl":["motor"]}}